{
    "CanESM5": {
        "ERFari": {
            "BC": 0.03259343948789619,
            "OC": -0.0003466518603792783,
            "SO2": -0.0024876158192160265
        },
        "ERFaci": {
            "beta": 0.7274280461138621,
            "n0": 58.94825524977437,
            "n1": 24.61657519148049
        }
    },
    "E3SM": {
        "ERFari": {
            "BC": 0.024823190264087823,
            "OC": -0.012632191159433646,
            "SO2": -0.0009420910115415229
        },
        "ERFaci": {
            "beta": 2.048199102704756,
            "n0": 155.89799687890553,
            "n1": 71.34329724352182
        }
    },
    "GFDL-CM4": {
        "ERFari": {
            "BC": 0.02685602162643198,
            "OC": -0.002089503100112345,
            "SO2": -0.0026057968480401746
        },
        "ERFaci": {
            "beta": 3.50146619780555,
            "n0": 692.7323940020866,
            "n1": 382.8947764825683
        }
    },
    "GFDL-ESM4": {
        "ERFari": {
            "BC": 0.10170074629567541,
            "OC": -0.03041920333701193,
            "SO2": -0.0026386847412556004
        },
        "ERFaci": {
            "beta": 2247.877740970944,
            "n0": 663223.8103986867,
            "n1": 147094.06660424153
        }
    },
    "GISS-E2-1-G": {
        "ERFari": {
            "BC": 0.14613221319782882,
            "OC": -0.04414859961725643,
            "SO2": -0.006678277836488548
        },
        "ERFaci": {
            "beta": 0.5630171485381098,
            "n0": 117.88591122715798,
            "n1": 16.034019414768085
        }
    },
    "HadGEM3-GC31-LL": {
        "ERFari": {
            "BC": 0.010268053466622911,
            "OC": 0.00146618150497765,
            "SO2": -0.002892076302344093
        },
        "ERFaci": {
            "beta": 1.0040302301538278,
            "n0": 95.41797804796182,
            "n1": 77.19086321524667
        }
    },
    "IPSL-CM6A-LR": {
        "ERFari": {
            "BC": -0.056126117813539884,
            "OC": 0.008852016967235286,
            "SO2": -0.000747602868329672
        },
        "ERFaci": {
            "beta": 1.097148407474963,
            "n0": 358.29504571636505,
            "n1": 518.8946656454056
        }
    },
    "MIROC6": {
        "ERFari": {
            "BC": 0.03872116030778908,
            "OC": -0.014240822658944795,
            "SO2": -0.0017815560575419062
        },
        "ERFaci": {
            "beta": 0.773239760597064,
            "n0": 117.18235937623555,
            "n1": 35.01199247000647
        }
    },
    "MRI-ESM2-0": {
        "ERFari": {
            "BC": 0.004470192138212715,
            "OC": -0.0100257694140535,
            "SO2": -0.0031965945976130047
        },
        "ERFaci": {
            "beta": 7.404864162977479,
            "n0": 1275.9999108604704,
            "n1": 907.5131900263611
        }
    },
    "NorESM2-LM": {
        "ERFari": {
            "BC": -0.018278722327594112,
            "OC": 0.009748693815190813,
            "SO2": -0.0014571827467178683
        },
        "ERFaci": {
            "beta": 5134.805593573464,
            "n0": 728128.7144031533,
            "n1": 359302.4308417353
        }
    },
    "UKESM1-0-LL": {
        "ERFari": {
            "BC": 0.0025486764590411104,
            "OC": 6.32025380211676e-05,
            "SO2": -0.002388644414646368
        },
        "ERFaci": {
            "beta": 0.7412276269255019,
            "n0": 39.51676162475557,
            "n1": 228.078587339319
        }
    },
    "mean": {
        "ERFari": {
            "BC": 0.028518986645677466,
            "OC": -0.008524786029251549,
            "SO2": -0.0025287384767031626
        },
        "ERFaci": {
            "beta": 1.2227495111529525,
            "n0": 156.4757607040628,
            "n1": 76.67309596842578
        }
    }
}