{
    "CanESM5": {
        "ERFari": {
            "BC": 0.03259345198118766,
            "OC": -0.00034665609336649486,
            "SO2": -0.002487615983404445
        },
        "ERFaci": {
            "beta": 0.7274280721426704,
            "n0": 58.948258333062675,
            "n1": 24.61657702556549
        }
    },
    "E3SM": {
        "ERFari": {
            "BC": 0.024823190009656656,
            "OC": -0.012632191220637126,
            "SO2": -0.0009420909944919762
        },
        "ERFaci": {
            "beta": 2.0481991634358407,
            "n0": 155.89799978930552,
            "n1": 71.34330585125267
        }
    },
    "GFDL-CM4": {
        "ERFari": {
            "BC": 0.026856014968248784,
            "OC": -0.0020895008185214353,
            "SO2": -0.002605796763298011
        },
        "ERFaci": {
            "beta": 3.501486804413858,
            "n0": 692.7367590913047,
            "n1": 382.89732191508506
        }
    },
    "GFDL-ESM4": {
        "ERFari": {
            "BC": 0.10170074516511608,
            "OC": -0.030419203142294612,
            "SO2": -0.0026386847098018047
        },
        "ERFaci": {
            "beta": 3096.16251581202,
            "n0": 913507.2895844509,
            "n1": 202621.90038761534
        }
    },
    "GISS-E2-1-G": {
        "ERFari": {
            "BC": 0.1461322138696791,
            "OC": -0.044148599787293644,
            "SO2": -0.006678277853015948
        },
        "ERFaci": {
            "beta": 0.5630171234828638,
            "n0": 117.88590843204445,
            "n1": 16.034017662191594
        }
    },
    "HadGEM3-GC31-LL": {
        "ERFari": {
            "BC": 0.01026805687526067,
            "OC": 0.0014661804698172165,
            "SO2": -0.002892076357728337
        },
        "ERFaci": {
            "beta": 1.0040302497156084,
            "n0": 95.41797983785804,
            "n1": 77.19086909456955
        }
    },
    "IPSL-CM6A-LR": {
        "ERFari": {
            "BC": -0.05612611634648796,
            "OC": 0.008852016533901559,
            "SO2": -0.0007476028938279432
        },
        "ERFaci": {
            "beta": 1.0971455787213782,
            "n0": 358.2940482011643,
            "n1": 518.8924400002636
        }
    },
    "MIROC6": {
        "ERFari": {
            "BC": 0.038721160205469084,
            "OC": -0.014240822638623335,
            "SO2": -0.0017815560543131379
        },
        "ERFaci": {
            "beta": 0.7732396987997591,
            "n0": 117.18234776047976,
            "n1": 35.01198748468227
        }
    },
    "MRI-ESM2-0": {
        "ERFari": {
            "BC": 0.004470157679085174,
            "OC": -0.010025760264450387,
            "SO2": -0.0031965939857280085
        },
        "ERFaci": {
            "beta": 7.404390743862999,
            "n0": 1275.915318217287,
            "n1": 907.4483072693048
        }
    },
    "NorESM2-LM": {
        "ERFari": {
            "BC": -0.01827872200345321,
            "OC": 0.009748693711592043,
            "SO2": -0.0014571827510779058
        },
        "ERFaci": {
            "beta": 13502.207737882447,
            "n0": 1914773.3354440546,
            "n1": 944812.732494247
        }
    },
    "UKESM1-0-LL": {
        "ERFari": {
            "BC": 0.0025479085674666724,
            "OC": 6.339417874468012e-05,
            "SO2": -0.0023886318542003515
        },
        "ERFaci": {
            "beta": 0.7412276090253519,
            "n0": 39.51676150602685,
            "n1": 228.0781309200184
        }
    },
    "mean": {
        "ERFari": {
            "BC": 0.02851891463374806,
            "OC": -0.008524768097375594,
            "SO2": -0.002528737290989806
        },
        "ERFaci": {
            "beta": 1.222786620448613,
            "n0": 156.48188601120054,
            "n1": 76.6763537560547
        }
    }
}